,2theta,FWHM
200,28.648135149922165,0.09704106381666534
211,35.282612767377685,0.092223578244223
220,40.96079276087345,0.09610711007872924
310,46.04845060879374,0.12095371215138605
222,50.757729138936845,0.10687098493693037
