,2theta,FWHM
200,28.648408122972594,0.09653536515489272
211,35.28289776837208,0.09113261829139356
220,40.96129532952061,0.0930145570788372
310,46.048623215256654,0.11885535169791853
222,50.75800108275842,0.10367332948841043
