,2theta,FWHM
220,32.40013078339082,0.13152332895661514
311,38.18325636509004,0.16770308210526966
222,50.92239774871252,0.1711207560161117
400,52.35284518590423,0.20565137450135848
