,2theta,FWHM
200,28.648408122963996,0.09653536530330524
211,35.2828977683842,0.0911326180674162
220,40.96129532952061,0.0930145570788372
310,46.048623215256654,0.11885535169791853
222,50.75800108275842,0.10367332948841043
