,2theta,FWHM
111,19.65752113547652,0.050355629811087904
200,22.731616935268,0.06359646495712766
220,32.37722368145308,0.06477041609272292
311,38.16604430031418,0.07264826307688281
222,50.90777095743098,0.08153190693204497
400,52.32630503634197,0.09507803252423193
