,2theta,FWHM
200,22.72073829342873,0.061604713522620175
220,32.368937482581245,0.058119558022705665
311,38.15795804383572,0.06746169449460865
222,50.89740373148381,0.06970299738648714
